ark,page
bpt6k286104s,1
bpt6k286104s,2
bpt6k286104s,3
bpt6k286104s,4
bpt6k286104s,5
bpt6k286104s,6
bpt6k3498836w,1
bpt6k3498836w,3
bpt6k3498836w,4
bpt6k3498836w,5
bd6t545081425,1
bd6t545081425,2
bd6t545081425,3
bd6t545081425,4
bpt6k2861089,1
bpt6k2861089,2
bpt6k2861089,4
bpt6k2861089,5
bpt6k2861089,6
bpt6k34988416,1
bpt6k34988416,2
bpt6k34988416,3
bpt6k34988416,4
bpt6k3498842m,1
bpt6k3498842m,2
bpt6k3498842m,3
bpt6k3498842m,4
bpt6k2372594f,1
bpt6k2372594f,2
bpt6k2372594f,3
bpt6k2372594f,4
bpt6k2861110,1
bpt6k2861110,2
bpt6k2861110,3
bpt6k2861110,4
bpt6k2861110,5
bpt6k2861110,6
bpt6k34988431,1
bpt6k34988431,2
bpt6k34988431,3
bpt6k34988431,4
bpt6k4624730k,1
bpt6k4624730k,2
bpt6k4624730k,3
bpt6k4624730k,4
bpt6k4624730k,5
bpt6k4624730k,6
bpt6k286112c,1
bpt6k286112c,2
bpt6k286112c,3
bpt6k286112c,4
bpt6k286112c,5
bpt6k286112c,6
bpt6k3498844f,1
bpt6k3498844f,2
bpt6k3498844f,3
bpt6k3498844f,4
bd6t54508143k,1
bd6t54508143k,2
bd6t54508143k,3
